IP,延迟(ms),丢包率(%),速度(Mbps)
104.17.147.59,27.54,0.00,254.05
162.159.209.187,112.13,0.00,154.72
103.21.244.242,55.47,0.00,152.59
103.21.244.44,57.23,0.00,148.67
103.21.244.93,57.39,0.00,149.66
103.21.244.197,55.84,0.00,143.12
103.21.244.80,55.66,0.00,140.70
104.21.228.55,19.27,0.00,140.39
104.21.228.74,18.96,0.00,139.00
103.21.244.213,56.30,0.00,140.52
104.18.21.238,10.29,0.00,144.33
162.159.238.72,111.50,0.00,138.29
